{
  "testDate": "2025-04-01T21:32:20.878Z",
  "environment": {
    "network": "hardhat",
    "chainId": 1337
  },
  "policyVerification": {
    "basic": {
      "iterations": 5,
      "times": [
        8.239499999999907,
        6.42430000000013,
        7.110200000000077,
        6.742400000000089,
        16.123399999999947
      ],
      "gasUsed": []
    },
    "concurrent": {
      "requestRates": [
        1,
        2,
        4,
        8,
        16,
        32,
        64,
        128,
        256,
        512,
        1024,
        2048,
        4096,
        8192,
        10000
      ],
      "latency": {
        "avg": [
          9.011300000000011,
          12.49283103448284,
          14.074293877550728,
          13.859343820225119,
          15.030856626506274,
          16.112927828745512,
          13.055897266514773,
          10.592120111732093,
          13.295607500000386,
          12.994145057470893,
          13.577036596736018,
          13.528368909512793,
          13.285542263279389,
          12.98574634703145,
          13.20960486111168
        ],
        "p95": [
          21.246700000000146,
          20.671900000001187,
          20.156499999997322,
          20.08910000000469,
          20.08520000000135,
          21.041299999997136,
          20.265700000003562,
          19.63860000000568,
          19.983299999992596,
          19.921300000016345,
          20.044999999983702,
          20.010899999993853,
          20.0684000000183,
          20.0454000000027,
          19.858600000006845
        ]
      },
      "throughput": [
        1.8990504747626187,
        2.896524170994806,
        4.899510048995101,
        8.88666999500749,
        16.5983401659834,
        32.673860911270985,
        43.812375249500995,
        53.58746632072648,
        43.91655853877632,
        43.473915650609634,
        42.7930174563591,
        43.07415550669598,
        43.18771194893277,
        43.66463961718672,
        43.2
      ],
      "successRate": [
        100,
        100,
        100,
        100,
        98.22485207100591,
        99.3920972644377,
        97.7728285077951,
        94.21052631578948,
        95.65217391304348,
        94.36008676789588,
        94.28571428571428,
        94.72527472527472,
        94.54148471615721,
        94.19354838709677,
        93.91304347826087
      ],
      "errors": [
        0,
        0,
        0,
        0,
        3,
        2,
        10,
        33,
        20,
        26,
        26,
        24,
        25,
        27,
        28
      ]
    },
    "delegated": {
      "iterations": 5,
      "times": [
        null,
        null,
        null,
        null,
        null
      ],
      "gasUsed": []
    }
  }
}