{
  "description": "System responsiveness under different load conditions",
  "operations": {
    "accessRequest": {
      "requestRates": [
        1,
        2,
        4,
        8,
        16,
        32,
        64,
        128,
        256,
        512,
        1024
      ],
      "latency": [
        28.16280000000006,
        50.5329499999998,
        48.46075000000019,
        51.71722499999987,
        45.01920624999957,
        45.46030312500034,
        45.25022656249962,
        605.7888992187501,
        1288.6939855468759,
        2278.86695488281,
        4362.80971367188
      ],
      "throughput": [
        35.42770091934914,
        3.2162303850149416,
        3.9352873477953763,
        5.648703061307561,
        8.219720949720951,
        10.893679323851103,
        12.39096843220735,
        192.179178256849,
        184.96894653176352,
        206.52492925311142,
        219.6264454433542
      ]
    },
    "policyVerification": {
      "requestRates": [
        1,
        2,
        4,
        8,
        16,
        32,
        64,
        128,
        256,
        512,
        1024
      ],
      "latency": [
        13.87390000000596,
        19.543000000005122,
        24.89795000000595,
        27.77413749999687,
        21.575406249999105,
        23.56304375000036,
        26.333234374998938,
        608.6943109374996,
        1234.3259421875002,
        2410.72893984375,
        3422.521414160156
      ],
      "throughput": [
        71.45511189870321,
        3.490185163048374,
        4.452512396907708,
        6.714867101868431,
        10.214187033383165,
        13.709605450836305,
        15.876773218503278,
        176.78241909890633,
        172.69318667364385,
        178.69149315065502,
        232.69170791509626
      ]
    },
    "enforcement": {
      "requestRates": [
        1,
        2,
        4,
        8,
        16,
        32,
        64,
        128,
        256,
        512,
        1024
      ],
      "latency": [
        19.74199999999837,
        28.994899999990594,
        23.16040000000794,
        25.590212500002963,
        35.032750000003944,
        24.30515312499938,
        22.706760937501258,
        352.6311109375008,
        743.189692968749,
        1314.3346552734379,
        2519.7105206054703
      ],
      "throughput": [
        49.85442507874765,
        3.5111293143660802,
        4.477712354668805,
        6.906049328011278,
        8.578403119536272,
        13.27797799631578,
        16.9599469916857,
        295.56477348191,
        283.3625661668206,
        313.8244064183003,
        329.6339434372644
      ]
    }
  },
  "batchSizeVariation": {
    "description": "Performance with variable batch sizes",
    "data": [
      {
        "batchSize": 6,
        "blockTime": 19.9142999999749,
        "blockSize": 66
      },
      {
        "batchSize": 12,
        "blockTime": 10.63300000000163,
        "blockSize": 134
      },
      {
        "batchSize": 24,
        "blockTime": 31.823999999993248,
        "blockSize": 278
      },
      {
        "batchSize": 36,
        "blockTime": 66.94779999999446,
        "blockSize": 422
      },
      {
        "batchSize": 48,
        "blockTime": 103.58100000000559,
        "blockSize": 566
      },
      {
        "batchSize": 64,
        "blockTime": 149.78080000000773,
        "blockSize": 758
      },
      {
        "batchSize": 96,
        "blockTime": 165.70189999998547,
        "blockSize": 1142
      },
      {
        "batchSize": 128,
        "blockTime": 219.64220000000205,
        "blockSize": 1554
      }
    ]
  }
}